{"data":{"carousel":{"edges":[{"node":{"name":"3","childImageSharp":{"gatsbyImageData":{"layout":"constrained","backgroundColor":"#181818","images":{"fallback":{"src":"/static/273680a758b04e770206b0c3f3b07da0/8cf01/3.jpg","srcSet":"/static/273680a758b04e770206b0c3f3b07da0/b19bf/3.jpg 480w,\n/static/273680a758b04e770206b0c3f3b07da0/175be/3.jpg 960w,\n/static/273680a758b04e770206b0c3f3b07da0/8cf01/3.jpg 1920w","sizes":"(min-width: 1920px) 1920px, 100vw"},"sources":[{"srcSet":"/static/273680a758b04e770206b0c3f3b07da0/0df1a/3.webp 480w,\n/static/273680a758b04e770206b0c3f3b07da0/eeb31/3.webp 960w,\n/static/273680a758b04e770206b0c3f3b07da0/702da/3.webp 1920w","type":"image/webp","sizes":"(min-width: 1920px) 1920px, 100vw"}]},"width":1920,"height":1080}}}},{"node":{"name":"2","childImageSharp":{"gatsbyImageData":{"layout":"constrained","backgroundColor":"#e8e8e8","images":{"fallback":{"src":"/static/545cd355cee8af878ca9ffdf3c1915d6/8cf01/2.jpg","srcSet":"/static/545cd355cee8af878ca9ffdf3c1915d6/b19bf/2.jpg 480w,\n/static/545cd355cee8af878ca9ffdf3c1915d6/175be/2.jpg 960w,\n/static/545cd355cee8af878ca9ffdf3c1915d6/8cf01/2.jpg 1920w","sizes":"(min-width: 1920px) 1920px, 100vw"},"sources":[{"srcSet":"/static/545cd355cee8af878ca9ffdf3c1915d6/0df1a/2.webp 480w,\n/static/545cd355cee8af878ca9ffdf3c1915d6/eeb31/2.webp 960w,\n/static/545cd355cee8af878ca9ffdf3c1915d6/702da/2.webp 1920w","type":"image/webp","sizes":"(min-width: 1920px) 1920px, 100vw"}]},"width":1920,"height":1080}}}},{"node":{"name":"5","childImageSharp":{"gatsbyImageData":{"layout":"constrained","backgroundColor":"#080808","images":{"fallback":{"src":"/static/9f65dad36898f2c8e518fb0911168080/8cf01/5.jpg","srcSet":"/static/9f65dad36898f2c8e518fb0911168080/b19bf/5.jpg 480w,\n/static/9f65dad36898f2c8e518fb0911168080/175be/5.jpg 960w,\n/static/9f65dad36898f2c8e518fb0911168080/8cf01/5.jpg 1920w","sizes":"(min-width: 1920px) 1920px, 100vw"},"sources":[{"srcSet":"/static/9f65dad36898f2c8e518fb0911168080/0df1a/5.webp 480w,\n/static/9f65dad36898f2c8e518fb0911168080/eeb31/5.webp 960w,\n/static/9f65dad36898f2c8e518fb0911168080/702da/5.webp 1920w","type":"image/webp","sizes":"(min-width: 1920px) 1920px, 100vw"}]},"width":1920,"height":1080}}}},{"node":{"name":"7","childImageSharp":{"gatsbyImageData":{"layout":"constrained","backgroundColor":"#080808","images":{"fallback":{"src":"/static/22a86230fdd524c55d4b6ba6bd5afadd/8cf01/7.jpg","srcSet":"/static/22a86230fdd524c55d4b6ba6bd5afadd/b19bf/7.jpg 480w,\n/static/22a86230fdd524c55d4b6ba6bd5afadd/175be/7.jpg 960w,\n/static/22a86230fdd524c55d4b6ba6bd5afadd/8cf01/7.jpg 1920w","sizes":"(min-width: 1920px) 1920px, 100vw"},"sources":[{"srcSet":"/static/22a86230fdd524c55d4b6ba6bd5afadd/0df1a/7.webp 480w,\n/static/22a86230fdd524c55d4b6ba6bd5afadd/eeb31/7.webp 960w,\n/static/22a86230fdd524c55d4b6ba6bd5afadd/702da/7.webp 1920w","type":"image/webp","sizes":"(min-width: 1920px) 1920px, 100vw"}]},"width":1920,"height":1080}}}},{"node":{"name":"4","childImageSharp":{"gatsbyImageData":{"layout":"constrained","backgroundColor":"#080808","images":{"fallback":{"src":"/static/3d67e78cb4fb36ce15144e3b4791ce58/8cf01/4.jpg","srcSet":"/static/3d67e78cb4fb36ce15144e3b4791ce58/b19bf/4.jpg 480w,\n/static/3d67e78cb4fb36ce15144e3b4791ce58/175be/4.jpg 960w,\n/static/3d67e78cb4fb36ce15144e3b4791ce58/8cf01/4.jpg 1920w","sizes":"(min-width: 1920px) 1920px, 100vw"},"sources":[{"srcSet":"/static/3d67e78cb4fb36ce15144e3b4791ce58/0df1a/4.webp 480w,\n/static/3d67e78cb4fb36ce15144e3b4791ce58/eeb31/4.webp 960w,\n/static/3d67e78cb4fb36ce15144e3b4791ce58/702da/4.webp 1920w","type":"image/webp","sizes":"(min-width: 1920px) 1920px, 100vw"}]},"width":1920,"height":1080}}}},{"node":{"name":"6","childImageSharp":{"gatsbyImageData":{"layout":"constrained","backgroundColor":"#688888","images":{"fallback":{"src":"/static/9cfe93b43263212bb4ef5654835eff54/8cf01/6.jpg","srcSet":"/static/9cfe93b43263212bb4ef5654835eff54/b19bf/6.jpg 480w,\n/static/9cfe93b43263212bb4ef5654835eff54/175be/6.jpg 960w,\n/static/9cfe93b43263212bb4ef5654835eff54/8cf01/6.jpg 1920w","sizes":"(min-width: 1920px) 1920px, 100vw"},"sources":[{"srcSet":"/static/9cfe93b43263212bb4ef5654835eff54/0df1a/6.webp 480w,\n/static/9cfe93b43263212bb4ef5654835eff54/eeb31/6.webp 960w,\n/static/9cfe93b43263212bb4ef5654835eff54/702da/6.webp 1920w","type":"image/webp","sizes":"(min-width: 1920px) 1920px, 100vw"}]},"width":1920,"height":1080}}}},{"node":{"name":"1","childImageSharp":{"gatsbyImageData":{"layout":"constrained","backgroundColor":"#a86838","images":{"fallback":{"src":"/static/e4b01d14a50e9cba334722bf631c2834/8cf01/1.jpg","srcSet":"/static/e4b01d14a50e9cba334722bf631c2834/b19bf/1.jpg 480w,\n/static/e4b01d14a50e9cba334722bf631c2834/175be/1.jpg 960w,\n/static/e4b01d14a50e9cba334722bf631c2834/8cf01/1.jpg 1920w","sizes":"(min-width: 1920px) 1920px, 100vw"},"sources":[{"srcSet":"/static/e4b01d14a50e9cba334722bf631c2834/0df1a/1.webp 480w,\n/static/e4b01d14a50e9cba334722bf631c2834/eeb31/1.webp 960w,\n/static/e4b01d14a50e9cba334722bf631c2834/702da/1.webp 1920w","type":"image/webp","sizes":"(min-width: 1920px) 1920px, 100vw"}]},"width":1920,"height":1080}}}}]},"cardsFront":{"edges":[{"node":{"name":"matteBlackGoldSmall","childImageSharp":{"original":{"src":"/static/matteBlackGoldSmall-fb7f48092cc834673d81fff01148d9e2.png"},"gatsbyImageData":{"layout":"constrained","backgroundColor":"#282828","images":{"fallback":{"src":"/static/fb7f48092cc834673d81fff01148d9e2/ce1ff/matteBlackGoldSmall.png","srcSet":"/static/fb7f48092cc834673d81fff01148d9e2/1b951/matteBlackGoldSmall.png 135w,\n/static/fb7f48092cc834673d81fff01148d9e2/d6bfd/matteBlackGoldSmall.png 270w,\n/static/fb7f48092cc834673d81fff01148d9e2/ce1ff/matteBlackGoldSmall.png 540w","sizes":"(min-width: 540px) 540px, 100vw"},"sources":[{"srcSet":"/static/fb7f48092cc834673d81fff01148d9e2/c1fb7/matteBlackGoldSmall.webp 135w,\n/static/fb7f48092cc834673d81fff01148d9e2/427f6/matteBlackGoldSmall.webp 270w,\n/static/fb7f48092cc834673d81fff01148d9e2/3f7cd/matteBlackGoldSmall.webp 540w","type":"image/webp","sizes":"(min-width: 540px) 540px, 100vw"}]},"width":540,"height":856}}}},{"node":{"name":"matteBlackSmall","childImageSharp":{"original":{"src":"/static/matteBlackSmall-fb7f48092cc834673d81fff01148d9e2.png"},"gatsbyImageData":{"layout":"constrained","backgroundColor":"#282828","images":{"fallback":{"src":"/static/fb7f48092cc834673d81fff01148d9e2/ce1ff/matteBlackSmall.png","srcSet":"/static/fb7f48092cc834673d81fff01148d9e2/1b951/matteBlackSmall.png 135w,\n/static/fb7f48092cc834673d81fff01148d9e2/d6bfd/matteBlackSmall.png 270w,\n/static/fb7f48092cc834673d81fff01148d9e2/ce1ff/matteBlackSmall.png 540w","sizes":"(min-width: 540px) 540px, 100vw"},"sources":[{"srcSet":"/static/fb7f48092cc834673d81fff01148d9e2/c1fb7/matteBlackSmall.webp 135w,\n/static/fb7f48092cc834673d81fff01148d9e2/427f6/matteBlackSmall.webp 270w,\n/static/fb7f48092cc834673d81fff01148d9e2/3f7cd/matteBlackSmall.webp 540w","type":"image/webp","sizes":"(min-width: 540px) 540px, 100vw"}]},"width":540,"height":856}}}},{"node":{"name":"brushedBlackSmall","childImageSharp":{"original":{"src":"/static/brushedBlackSmall-536fc8e654365eed7201d63e25a68830.png"},"gatsbyImageData":{"layout":"constrained","backgroundColor":"#282828","images":{"fallback":{"src":"/static/536fc8e654365eed7201d63e25a68830/ce1ff/brushedBlackSmall.png","srcSet":"/static/536fc8e654365eed7201d63e25a68830/1b951/brushedBlackSmall.png 135w,\n/static/536fc8e654365eed7201d63e25a68830/d6bfd/brushedBlackSmall.png 270w,\n/static/536fc8e654365eed7201d63e25a68830/ce1ff/brushedBlackSmall.png 540w","sizes":"(min-width: 540px) 540px, 100vw"},"sources":[{"srcSet":"/static/536fc8e654365eed7201d63e25a68830/c1fb7/brushedBlackSmall.webp 135w,\n/static/536fc8e654365eed7201d63e25a68830/427f6/brushedBlackSmall.webp 270w,\n/static/536fc8e654365eed7201d63e25a68830/3f7cd/brushedBlackSmall.webp 540w","type":"image/webp","sizes":"(min-width: 540px) 540px, 100vw"}]},"width":540,"height":856}}}},{"node":{"name":"matteWhiteSmall","childImageSharp":{"original":{"src":"/static/matteWhiteSmall-02a17778cd6c364ac6cdfc918e165d81.png"},"gatsbyImageData":{"layout":"constrained","backgroundColor":"#f8f8f8","images":{"fallback":{"src":"/static/02a17778cd6c364ac6cdfc918e165d81/ce1ff/matteWhiteSmall.png","srcSet":"/static/02a17778cd6c364ac6cdfc918e165d81/1b951/matteWhiteSmall.png 135w,\n/static/02a17778cd6c364ac6cdfc918e165d81/d6bfd/matteWhiteSmall.png 270w,\n/static/02a17778cd6c364ac6cdfc918e165d81/ce1ff/matteWhiteSmall.png 540w","sizes":"(min-width: 540px) 540px, 100vw"},"sources":[{"srcSet":"/static/02a17778cd6c364ac6cdfc918e165d81/c1fb7/matteWhiteSmall.webp 135w,\n/static/02a17778cd6c364ac6cdfc918e165d81/427f6/matteWhiteSmall.webp 270w,\n/static/02a17778cd6c364ac6cdfc918e165d81/3f7cd/matteWhiteSmall.webp 540w","type":"image/webp","sizes":"(min-width: 540px) 540px, 100vw"}]},"width":540,"height":856}}}},{"node":{"name":"matteSilverSmall","childImageSharp":{"original":{"src":"/static/matteSilverSmall-47a5365a875dd6475d948a7c71abf721.png"},"gatsbyImageData":{"layout":"constrained","backgroundColor":"#c8c8c8","images":{"fallback":{"src":"/static/47a5365a875dd6475d948a7c71abf721/ce1ff/matteSilverSmall.png","srcSet":"/static/47a5365a875dd6475d948a7c71abf721/1b951/matteSilverSmall.png 135w,\n/static/47a5365a875dd6475d948a7c71abf721/d6bfd/matteSilverSmall.png 270w,\n/static/47a5365a875dd6475d948a7c71abf721/ce1ff/matteSilverSmall.png 540w","sizes":"(min-width: 540px) 540px, 100vw"},"sources":[{"srcSet":"/static/47a5365a875dd6475d948a7c71abf721/c1fb7/matteSilverSmall.webp 135w,\n/static/47a5365a875dd6475d948a7c71abf721/427f6/matteSilverSmall.webp 270w,\n/static/47a5365a875dd6475d948a7c71abf721/3f7cd/matteSilverSmall.webp 540w","type":"image/webp","sizes":"(min-width: 540px) 540px, 100vw"}]},"width":540,"height":856}}}},{"node":{"name":"brushedGoldSmall","childImageSharp":{"original":{"src":"/static/brushedGoldSmall-05491ee12847d9a4c8be31105c55a899.png"},"gatsbyImageData":{"layout":"constrained","backgroundColor":"#887808","images":{"fallback":{"src":"/static/05491ee12847d9a4c8be31105c55a899/ce1ff/brushedGoldSmall.png","srcSet":"/static/05491ee12847d9a4c8be31105c55a899/1b951/brushedGoldSmall.png 135w,\n/static/05491ee12847d9a4c8be31105c55a899/d6bfd/brushedGoldSmall.png 270w,\n/static/05491ee12847d9a4c8be31105c55a899/ce1ff/brushedGoldSmall.png 540w","sizes":"(min-width: 540px) 540px, 100vw"},"sources":[{"srcSet":"/static/05491ee12847d9a4c8be31105c55a899/c1fb7/brushedGoldSmall.webp 135w,\n/static/05491ee12847d9a4c8be31105c55a899/427f6/brushedGoldSmall.webp 270w,\n/static/05491ee12847d9a4c8be31105c55a899/3f7cd/brushedGoldSmall.webp 540w","type":"image/webp","sizes":"(min-width: 540px) 540px, 100vw"}]},"width":540,"height":856}}}},{"node":{"name":"brushedBlueSmall","childImageSharp":{"original":{"src":"/static/brushedBlueSmall-cbdcb1f6cc6171ac2f87f7f0853aaa45.png"},"gatsbyImageData":{"layout":"constrained","backgroundColor":"#186898","images":{"fallback":{"src":"/static/cbdcb1f6cc6171ac2f87f7f0853aaa45/ce1ff/brushedBlueSmall.png","srcSet":"/static/cbdcb1f6cc6171ac2f87f7f0853aaa45/1b951/brushedBlueSmall.png 135w,\n/static/cbdcb1f6cc6171ac2f87f7f0853aaa45/d6bfd/brushedBlueSmall.png 270w,\n/static/cbdcb1f6cc6171ac2f87f7f0853aaa45/ce1ff/brushedBlueSmall.png 540w","sizes":"(min-width: 540px) 540px, 100vw"},"sources":[{"srcSet":"/static/cbdcb1f6cc6171ac2f87f7f0853aaa45/c1fb7/brushedBlueSmall.webp 135w,\n/static/cbdcb1f6cc6171ac2f87f7f0853aaa45/427f6/brushedBlueSmall.webp 270w,\n/static/cbdcb1f6cc6171ac2f87f7f0853aaa45/3f7cd/brushedBlueSmall.webp 540w","type":"image/webp","sizes":"(min-width: 540px) 540px, 100vw"}]},"width":540,"height":856}}}},{"node":{"name":"mirrorGoldSmall","childImageSharp":{"original":{"src":"/static/mirrorGoldSmall-f1068afce5dbf4c7e2316fedbeabf969.png"},"gatsbyImageData":{"layout":"constrained","backgroundColor":"#c8a808","images":{"fallback":{"src":"/static/f1068afce5dbf4c7e2316fedbeabf969/ce1ff/mirrorGoldSmall.png","srcSet":"/static/f1068afce5dbf4c7e2316fedbeabf969/1b951/mirrorGoldSmall.png 135w,\n/static/f1068afce5dbf4c7e2316fedbeabf969/d6bfd/mirrorGoldSmall.png 270w,\n/static/f1068afce5dbf4c7e2316fedbeabf969/ce1ff/mirrorGoldSmall.png 540w","sizes":"(min-width: 540px) 540px, 100vw"},"sources":[{"srcSet":"/static/f1068afce5dbf4c7e2316fedbeabf969/c1fb7/mirrorGoldSmall.webp 135w,\n/static/f1068afce5dbf4c7e2316fedbeabf969/427f6/mirrorGoldSmall.webp 270w,\n/static/f1068afce5dbf4c7e2316fedbeabf969/3f7cd/mirrorGoldSmall.webp 540w","type":"image/webp","sizes":"(min-width: 540px) 540px, 100vw"}]},"width":540,"height":856}}}},{"node":{"name":"mirrorRoseSmall","childImageSharp":{"original":{"src":"/static/mirrorRoseSmall-0c8c8288bf9c51eaee767b6551fe8555.png"},"gatsbyImageData":{"layout":"constrained","backgroundColor":"#c89898","images":{"fallback":{"src":"/static/0c8c8288bf9c51eaee767b6551fe8555/ce1ff/mirrorRoseSmall.png","srcSet":"/static/0c8c8288bf9c51eaee767b6551fe8555/1b951/mirrorRoseSmall.png 135w,\n/static/0c8c8288bf9c51eaee767b6551fe8555/d6bfd/mirrorRoseSmall.png 270w,\n/static/0c8c8288bf9c51eaee767b6551fe8555/ce1ff/mirrorRoseSmall.png 540w","sizes":"(min-width: 540px) 540px, 100vw"},"sources":[{"srcSet":"/static/0c8c8288bf9c51eaee767b6551fe8555/c1fb7/mirrorRoseSmall.webp 135w,\n/static/0c8c8288bf9c51eaee767b6551fe8555/427f6/mirrorRoseSmall.webp 270w,\n/static/0c8c8288bf9c51eaee767b6551fe8555/3f7cd/mirrorRoseSmall.webp 540w","type":"image/webp","sizes":"(min-width: 540px) 540px, 100vw"}]},"width":540,"height":856}}}},{"node":{"name":"mirrorRainbowSmall","childImageSharp":{"original":{"src":"/static/mirrorRainbowSmall-a01ff41690067e2403510e54b7554a4b.png"},"gatsbyImageData":{"layout":"constrained","backgroundColor":"#08c838","images":{"fallback":{"src":"/static/a01ff41690067e2403510e54b7554a4b/ce1ff/mirrorRainbowSmall.png","srcSet":"/static/a01ff41690067e2403510e54b7554a4b/1b951/mirrorRainbowSmall.png 135w,\n/static/a01ff41690067e2403510e54b7554a4b/d6bfd/mirrorRainbowSmall.png 270w,\n/static/a01ff41690067e2403510e54b7554a4b/ce1ff/mirrorRainbowSmall.png 540w","sizes":"(min-width: 540px) 540px, 100vw"},"sources":[{"srcSet":"/static/a01ff41690067e2403510e54b7554a4b/c1fb7/mirrorRainbowSmall.webp 135w,\n/static/a01ff41690067e2403510e54b7554a4b/427f6/mirrorRainbowSmall.webp 270w,\n/static/a01ff41690067e2403510e54b7554a4b/3f7cd/mirrorRainbowSmall.webp 540w","type":"image/webp","sizes":"(min-width: 540px) 540px, 100vw"}]},"width":540,"height":856}}}},{"node":{"name":"mirrorSilverSmall","childImageSharp":{"original":{"src":"/static/mirrorSilverSmall-205d60569bb83d80bc544474e6e465a6.png"},"gatsbyImageData":{"layout":"constrained","backgroundColor":"#c8c8c8","images":{"fallback":{"src":"/static/205d60569bb83d80bc544474e6e465a6/ce1ff/mirrorSilverSmall.png","srcSet":"/static/205d60569bb83d80bc544474e6e465a6/1b951/mirrorSilverSmall.png 135w,\n/static/205d60569bb83d80bc544474e6e465a6/d6bfd/mirrorSilverSmall.png 270w,\n/static/205d60569bb83d80bc544474e6e465a6/ce1ff/mirrorSilverSmall.png 540w","sizes":"(min-width: 540px) 540px, 100vw"},"sources":[{"srcSet":"/static/205d60569bb83d80bc544474e6e465a6/c1fb7/mirrorSilverSmall.webp 135w,\n/static/205d60569bb83d80bc544474e6e465a6/427f6/mirrorSilverSmall.webp 270w,\n/static/205d60569bb83d80bc544474e6e465a6/3f7cd/mirrorSilverSmall.webp 540w","type":"image/webp","sizes":"(min-width: 540px) 540px, 100vw"}]},"width":540,"height":856}}}}]},"cardsBack":{"edges":[{"node":{"name":"matteBlackGoldSmall","childImageSharp":{"original":{"src":"/static/matteBlackGoldSmall-0d0d23b11fae89febf33f8334359b7b6.png"}}}},{"node":{"name":"matteBlackSmall","childImageSharp":{"original":{"src":"/static/matteBlackSmall-0d0d23b11fae89febf33f8334359b7b6.png"}}}},{"node":{"name":"brushedBlackSmall","childImageSharp":{"original":{"src":"/static/brushedBlackSmall-7854aa1fee42a98d0c99aef5c1729e0c.png"}}}},{"node":{"name":"brushedBlueSmall","childImageSharp":{"original":{"src":"/static/brushedBlueSmall-ddb9a63615f1885081b96ca3ade7f015.png"}}}},{"node":{"name":"matteSilverSmall","childImageSharp":{"original":{"src":"/static/matteSilverSmall-94819387b8541c4fea11780b59b3921a.png"}}}},{"node":{"name":"matteWhiteSmall","childImageSharp":{"original":{"src":"/static/matteWhiteSmall-3bf320cca98ec714b87d3b58e9ca9f1c.png"}}}},{"node":{"name":"brushedGoldSmall","childImageSharp":{"original":{"src":"/static/brushedGoldSmall-aed8c145347a6a95cad3acae1060ae3e.png"}}}},{"node":{"name":"mirrorGoldSmall","childImageSharp":{"original":{"src":"/static/mirrorGoldSmall-9994b7d03180547bc4c442e24991a88a.png"}}}},{"node":{"name":"mirrorRoseSmall","childImageSharp":{"original":{"src":"/static/mirrorRoseSmall-72669a9c3410a563d357d55b619dbe3d.png"}}}},{"node":{"name":"mirrorRainbowSmall","childImageSharp":{"original":{"src":"/static/mirrorRainbowSmall-c83d31d47de8cddf8a58c51368daf889.png"}}}},{"node":{"name":"mirrorSilverSmall","childImageSharp":{"original":{"src":"/static/mirrorSilverSmall-fd1715b564db0b619d230e3e6eaa247e.png"}}}}]},"brands":{"edges":[{"node":{"name":"bb-black","childImageSharp":{"original":{"src":"/static/bb-black-69650b25885bad25f1c1da0bc12f34b9.png"}}}},{"node":{"name":"bb-gold","childImageSharp":{"original":{"src":"/static/bb-gold-5eac838b985567fde5d592c4ad4519cb.png"}}}},{"node":{"name":"bb-white","childImageSharp":{"original":{"src":"/static/bb-white-1e976c27a46bfd85a48aced8fc2cd1f5.png"}}}},{"node":{"name":"c6bank-black","childImageSharp":{"original":{"src":"/static/c6bank-black-e2715ddc0b67a4783f0c0ff23d1d63bf.png"}}}},{"node":{"name":"c6bank-gold","childImageSharp":{"original":{"src":"/static/c6bank-gold-2f6d0c07589875bbacac246e7a95cd99.png"}}}},{"node":{"name":"cabal-black","childImageSharp":{"original":{"src":"/static/cabal-black-56d3ca7a19ddb92c3da617e59d51028f.png"}}}},{"node":{"name":"c6bank-white","childImageSharp":{"original":{"src":"/static/c6bank-white-910bf7383ddc4e77d1bd0656fb26ea81.png"}}}},{"node":{"name":"cabal-gold","childImageSharp":{"original":{"src":"/static/cabal-gold-af70a4b7deb6fa11e17bc3db0ef7a8a4.png"}}}},{"node":{"name":"cabal-white","childImageSharp":{"original":{"src":"/static/cabal-white-dacce090eb7c4193a6011c4bcb117b81.png"}}}},{"node":{"name":"dinnersclub-gold","childImageSharp":{"original":{"src":"/static/dinnersclub-gold-a0334dfaef5347c15dc003b488ce2d61.png"}}}},{"node":{"name":"dinnersclub-black","childImageSharp":{"original":{"src":"/static/dinnersclub-black-10a4077b980183d851a2b66fdf52c134.png"}}}},{"node":{"name":"dinnersclub-white","childImageSharp":{"original":{"src":"/static/dinnersclub-white-d029e7255d428de15689703fec14719e.png"}}}},{"node":{"name":"elo-black","childImageSharp":{"original":{"src":"/static/elo-black-1e5e7607b39ee6ebb0e63082363218f9.png"}}}},{"node":{"name":"elo-gold","childImageSharp":{"original":{"src":"/static/elo-gold-f35de48733963e875141fc2b8c3a1a4b.png"}}}},{"node":{"name":"elo-white","childImageSharp":{"original":{"src":"/static/elo-white-1650fb96a37708907527a36a2d70a4ad.png"}}}},{"node":{"name":"gucci-black","childImageSharp":{"original":{"src":"/static/gucci-black-db252bffb8541cc654b8e5728fb91a81.png"}}}},{"node":{"name":"gucci-gold","childImageSharp":{"original":{"src":"/static/gucci-gold-3c9cee21075407fa19c8bae93d09d121.png"}}}},{"node":{"name":"hipercard-black","childImageSharp":{"original":{"src":"/static/hipercard-black-c1b64e4f51c5aa12b1805b9878055afc.png"}}}},{"node":{"name":"gucci-white","childImageSharp":{"original":{"src":"/static/gucci-white-7f7291e91508c430d5018adee3703ba2.png"}}}},{"node":{"name":"hipercard-gold","childImageSharp":{"original":{"src":"/static/hipercard-gold-0283b7c2c5fd647e11be23bbdb8b73e7.png"}}}},{"node":{"name":"hipercard-white","childImageSharp":{"original":{"src":"/static/hipercard-white-2f2841e0a02189075b4e771d45c549f0.png"}}}},{"node":{"name":"inter-black","childImageSharp":{"original":{"src":"/static/inter-black-b4bb3ff06242d9f69d4799ea8a3f29d2.png"}}}},{"node":{"name":"inter-gold","childImageSharp":{"original":{"src":"/static/inter-gold-c1925570066406276f482fe43ec1ec27.png"}}}},{"node":{"name":"inter-white","childImageSharp":{"original":{"src":"/static/inter-white-82f7fe0c5868aa556634aa1eb65a0fdb.png"}}}},{"node":{"name":"jpmorgan-black","childImageSharp":{"original":{"src":"/static/jpmorgan-black-a7c4c1238575275523d4a8b499e6922b.png"}}}},{"node":{"name":"jpmorgan-gold","childImageSharp":{"original":{"src":"/static/jpmorgan-gold-51bc6eec6daf3e1245756d6a0dea001a.png"}}}},{"node":{"name":"mastercard-black","childImageSharp":{"original":{"src":"/static/mastercard-black-3fcfa20be696db502bd43feb30c0cb74.png"}}}},{"node":{"name":"mastercard-gold","childImageSharp":{"original":{"src":"/static/mastercard-gold-ce206fb714cc1d96d89f6520d459c82f.png"}}}},{"node":{"name":"mastercard-white","childImageSharp":{"original":{"src":"/static/mastercard-white-848f0dcbf960debba30be8207b2b08e5.png"}}}},{"node":{"name":"nu-gold","childImageSharp":{"original":{"src":"/static/nu-gold-bec436f3d45512a498c427b7ea369791.png"}}}},{"node":{"name":"nu-white","childImageSharp":{"original":{"src":"/static/nu-white-5adc91e521cb4d7c5d0ba617dad92766.png"}}}},{"node":{"name":"visa-black","childImageSharp":{"original":{"src":"/static/visa-black-0c4972c8d740e72f4c585f2d5ff1ed03.png"}}}},{"node":{"name":"visa-gold","childImageSharp":{"original":{"src":"/static/visa-gold-cd88748d10d76a2bafc9406390ff01fb.png"}}}},{"node":{"name":"visa-white","childImageSharp":{"original":{"src":"/static/visa-white-b98692126a43b6af5795c153efba07ec.png"}}}},{"node":{"name":"jpmorgan-white","childImageSharp":{"original":{"src":"/static/jpmorgan-white-65314a2e25f1d695ecfa9e2b143d1678.png"}}}},{"node":{"name":"nu-black","childImageSharp":{"original":{"src":"/static/nu-black-f3825ba243217b17f1721e5f95b411a1.png"}}}},{"node":{"name":"bitcoin-black","childImageSharp":{"original":{"src":"/static/bitcoin-black-8c31744f3139e0c7456f533107c9021c.png"}}}},{"node":{"name":"bitcoin-gold","childImageSharp":{"original":{"src":"/static/bitcoin-gold-f6353fe7183c8004e983987335ac452e.png"}}}},{"node":{"name":"bitcoin-white","childImageSharp":{"original":{"src":"/static/bitcoin-white-801900cc8ce6b97be9cdeecd777ae670.png"}}}}]}}}